ID,id_titulo,Título,Subtítulo,Texto da Redação,Competências,Notas das Competências,Comentários das Competências,Nota Final
000001,0001,Qualificação e o futuro do emprego,Qualificações para o mercado de trabalho,"Anos após anos Ano após ano, uma vaga de emprego demandar demanda cada vez mais qualificações do empregado, que que, na maioria das vezes concluíram vezes, concluiu o curso superior e são incapazes é incapaz de trabalha trabalhar nesse ramo e optam opta por um emprego informal. Esse fenômeno ocorre porque o mercado de trabalho se modifica constantemente constantemente, de maneira que algumas profissões são extintas extintas, pois são ocupadas pois suas funções passam a ser realizadas por maquinas máquinas. No O filme ""Estrelas além do Tempo"", de 2016, contar conta a história de três calculadoras humanas matemáticas, que eram muito requisitadas por centros de pesquisa pesquisa, antes dos surgimentos do surgimento das modernas calculadoras eletrônicas e dos computadores. No longa-metragem, vemos a personagem Dorothy Vougham que Vaughn, que, ao saber que a Nasa tinha comprado um novo computador que fazia 24mil cálculos por segundo, o que colocava seu emprego em risco, Dorothy resolveu resolveu aprender a programar esse mesmo computador e ensinar suas companheiras. No mercado de trabalho e é necessário está estar sempre se adaptando adaptando, pois ele e é instável fazendo com que algumas profissões sumam sumam, enquanto novas apareçam como gestores de mídias sociais aparecem, como é o caso dos gestores de mídias sociais.","Demonstrar domínio da norma culta da língua escrita.; Compreender a proposta da redação e aplicar conceito das várias áreas de conhecimento para desenvolver o tema, dentro dos limites estruturais do texto dissertativo-argumentativo.; Selecionar, relacionar, organizar e interpretar informações, fatos, opiniões e argumentos em defesa de um ponto de vista.; Demonstrar conhecimento dos mecanismos linguísticos necessários para a construção da argumentação.; Elaborar a proposta de solução para o problema abordado, mostrando respeito aos valores humanos e considerando a diversidade sociocultural.",80; 120; 120; 80; 80,"1) O texto é breve e traz uma grande quantidade de erros gramaticais, algum dos quais inaceitáveis para um estudante do Ensino Médio. É o caso do trecho em vermelho no primeiro parágrafo, que não faz muito sentido, do uso incorreto de verbos no infinitivo, da acentuação do verbo ""ser"" na terceira pessoa do singular, no presente do indicativo: é.; 2) Apesar de bem simples, o texto denota uma compreensão do problema e uma tese sobre ele, defendida com um argumento.; 3) A citação do filme é pertinente e deixa ver como o autor soube relacionar ao tema conhecimentos de seu próprio repertório, argumentando, de fato.; 4) A coesão do texto é insuficiente, devido à justaposição de uma introdução problemática, do argumento do segundo parágrafo e da conclusão superficial demais.; 5) O parágrafo conclusivo deixa a desejar, em sua brevidade e superficialidade. Dá a impressão que o autor se cansou e resolveu terminar o texto de qualquer jeito.",480
000002,0002,Carnaval e apropriação cultural,A apropriação cultural e o conhecimento histórico,"No que se refere à apropriação cultural, é possível destacar tanto aspectos positivos quanto negativos. Se por um lado, a interação entre culturas diferentes contribui para o enriquecimento cultural não só do indivíduo, mas também da sociedade; por outro, o uso indevido de adereços de um povo pode causar ainda mais intolerância. Relativo ao apoderamento de outras culturas, a adoção de costumes distintos por um país ajuda a modelar um caráter mais tolerante na sociedade, uma vez que que, ao conhecer a história de um povo povo, pode-se olhar para o mundo por um outro ponto de vista e compreender as suas lutas e dificuldades. No entanto, a apropriação fora de contexto contexto, aliada à ausência de conhecimento histórico histórico, resulta numa maior austeridade entre os grupos culturais, visto que a ignorância de indivíduos faz com que retratem de forma pejorativa os traços culturais de outros povos. Desse modo, é importante que antes de se apropriar de adereços e costumes de uma cultura, as pessoas busquem não só entender o significado, mas também a origem, através de livros e documentários para uma maior flexibilidade e menos preconceito entre culturas diferentes.","Demonstrar domínio da norma culta da língua escrita.; Compreender a proposta da redação e aplicar conceito das várias áreas de conhecimento para desenvolver o tema, dentro dos limites estruturais do texto dissertativo-argumentativo.; Selecionar, relacionar, organizar e interpretar informações, fatos, opiniões e argumentos em defesa de um ponto de vista.; Demonstrar conhecimento dos mecanismos linguísticos necessários para a construção da argumentação.; Elaborar a proposta de solução para o problema abordado, mostrando respeito aos valores humanos e considerando a diversidade sociocultural.",200; 160; 160; 200; 160,"1) Texto claro, objetivo e sem erros significativos.; 2) Houve compreensão do tema e o desenvolvimento é bom, mas esquemático em excesso. Não é improvável que o autor quisesse ver a nota que obteria, ainda que sem se esforçar demais na produção do texto.; 3) A argumentação é razoável, mas se torna superficial por ter sido desenvolvida sumariamente.; 4) O autor demonstra, ainda que num texto breve, seu domínio dos recursos coesivos.; 5) A conclusão é coerente com a argumentação, mas deixa na mente do leitor uma dúvida: uma pessoa ignorante acerca de cultura indígena não pode se fantasiar de índio. Só quem conhece efetivamente os índios podem usar esse tipo de fantasia? Então, a rigor, só etnólogos e antropólogos poderiam se vestir de índio no carnaval.",880
000003,0002,Carnaval e apropriação cultural,"No mês de fevereiro, muitos países","No mês de fevereiro, muitos países entram no clima de carnaval Carnaval, a festa se caracteriza pelas diversidades pela diversidade de fantasias. No Brasil, entretando entretanto, vem vêm ocorrendo casos de apropriação Cultural sobre das culturas indígenas e africanas. Nesse sentido, covem analisar, tais convém analisar medidas para resolver esse problema. Inicialmente, os brasileiros costumam colocar suas criatividades sua criatividade em prática em fantasias para as festas de carnaval Carnaval. No entanto, é constante são constantes os relatos de apropriação Cultural cultural entre vários grupos sociais em adotar que adotam hábitos, vestuário, objetos ou comportamentos específicos de outra cultura. É inaceitável usar uma Cultura cultura como representação de fantasia. Além disso, um caso clássico que já causou polêmica é o uso do turbante. Atualmente, ele pode ser facilmente comprado em lojas de departamento e visto em desfiles de moda. ou Ou seja, ele se popularizou, foi apropriado pelo mercado. Contudo, para as religioes religiões de matriz africana, esse elemento significa proteção para a cabeça, que é o elemento mais sagrado dentro desta dessa prática religiosa. Vale ressaltar, que ressaltar que, dependendo do modo como ele é colocado, o turbante indica o tempo em que a pessoa está inserida na pratica essa religião. O ministério da cidadania Ministério da Cidadania, portanto, precisa criar um projeto de lei e reforçar nas mídias sobre o uso de atribuir como fantasia a cultura desses povos. É necessário que ocorra a conscientização da sociedade e respeito as às culturas dos indígenas e africanos. Assim, o Brasil se tornará um país mais harmônico.","Demonstrar domínio da norma culta da língua escrita.; Compreender a proposta da redação e aplicar conceito das várias áreas de conhecimento para desenvolver o tema, dentro dos limites estruturais do texto dissertativo-argumentativo.; Selecionar, relacionar, organizar e interpretar informações, fatos, opiniões e argumentos em defesa de um ponto de vista.; Demonstrar conhecimento dos mecanismos linguísticos necessários para a construção da argumentação.; Elaborar a proposta de solução para o problema abordado, mostrando respeito aos valores humanos e considerando a diversidade sociocultural.",80; 80; 120; 80; 80,"1) O texto apresenta uma grande quantidade de erros gramaticais e problemas linguísticos. No primeiro parágrafo, por exemplo, o autor diz que ""o Carnaval se caracteriza pela diversidade de fantasias"". Ora, essa não é a característica essencial do carnaval. É apenas uma das suas características. Igualmente, falar em ""representação de fantasia"" ou em ""atribuir como fantasia a cultura desses povos"" são expressões vagas, cujo significado preciso não está claro. Finalmente, há um exagero em dizer que o país se tornará mais harmônico se acabarem as apropriações culturais. Muitos outros problemas impedem a harmonia social no Brasil.; 2) O autor abordou parcialmente o tema, pois não discutiu se ocorre ou não apropriação cultural no uso de fantasias indígenas, africanas, etc. Assumiu que a apropriação ocorre e que ela é um fato negativo. Estruturalmente, o autor usou os dois primeiros parágrafos como introdução do tema e restringiu a argumentação ao terceiro parágrafo.; 3) Justamente o terceiro parágrafo é o que há de melhor na redação, pois o autor de fato apresenta um argumento em defesa de seu potno de vista: o de que um símbolo cultural importante não pode ser usado como fantasia.; 4) O uso de recursos coesivos é ruim. Por exemplo, falar em ""tais medidas"" não se justifica, pois o ""tais"" deveria se referir a medidas anteriormente mencionadas e não há nenhuma medida anteriormente mencionada. ""Além disso"" foi usado incorretamente, pois o parágrafo anterior não traz nenhum argumento sobre apropriação cultural. O único argumento está no terceiro parágrafo e, além dele, não há outro argumento.; 5) A conclusão foi prejudicada pelos problemas de linguagem já apontados.; 3)",440
000004,0002,Carnaval e apropriação cultural,Apropriação cultural e atualidades,"É de fundamental importância a valorização da cultura para a formação da identidade de uma região. Mas, comenta-se com frequência, a frequência a respeito da apropriação cultural - julgada inadequada- causada pela falta de conhecimento geral e da influência midiática ou da moda. Ao se examinarem alguns aspectos atuais evidência se atuais, evidencia-se essa aculturação, por exemplo, o uso de turbantes por mulheres brancas, item pertencente a à cultura negra. Muitas dessas mulheres fazem uso desse adereço pela sua estética e não pela história que o mesmo representa. Outro fator existente envolvido nisso é a influência que a moda e a mídia exercem sobre a sociedade, ditam ditando comportamentos, ações e até ideologias. Muitas vezes os indivíduos nem percebem essa influência, levando os mesmos o que os leva a aderirem a características de outras culturas. Levando-se em consideração esses aspectos, conclui-se que a sociedade deve semear o conhecimento sobre sua própria cultura, através do ensino de artes nas escolas, apresentando danças, músicas, personalidades e obras de todas as regiões do país. O governo também pode atuar nesse tema em problema, com incentivos como com a a democratização do acesso a museus, teatros, cinemas, etc. Torna-se perceptível para a população a cultura a que estão inseridos e saberão reconhecer a apropriação cultural e elimina-la eliminá-la quando necessário, valorizando assim, sua cultura e identidade própria.","Demonstrar domínio da norma culta da língua escrita.; Compreender a proposta da redação e aplicar conceito das várias áreas de conhecimento para desenvolver o tema, dentro dos limites estruturais do texto dissertativo-argumentativo.; Selecionar, relacionar, organizar e interpretar informações, fatos, opiniões e argumentos em defesa de um ponto de vista.; Demonstrar conhecimento dos mecanismos linguísticos necessários para a construção da argumentação.; Elaborar a proposta de solução para o problema abordado, mostrando respeito aos valores humanos e considerando a diversidade sociocultural.",120; 80; 80; 80; 80,Comentários não encontrados,440
000005,0002,Carnaval e apropriação cultural,Representação indígena no meio social,"Apropriação cultural é um termo usado para se referir ao uso de elementos de uma cultura que não é a sua em diferentes contextos, como fez a atriz Alessandra Negrini ao optar por um cocar indígena para desfilar em seu bloco de carnaval. A artista recebeu fortes criticas críticas em suas redes sociais por estar desrespeitando a cultura citada, com a justificativa de que ""índio não é fantasia"". Há diferentes opiniões das tribos em relação ao assunto e muitas delas consideram a representação indígena no carnaval como uma troca cultural e muitas vezes como uma forte critica crítica social ao preconceito sofrido por eles. As festas carnavalescas são parte da identidade cultural do Brasil e trazer visibilidade a situação dos índios por meio delas pode ser a peça chave peça-chave para diminuir o racismo e o preconceito que ainda é muito frequente são muito frequentes na nossa sociedade. É necessário, sobretudo sobretudo, que haja o respeito com as diferentes etnias e que a representação do índio no meio social não seja feita de forma ofensiva e sim como um apoio as às suas necessidades, pois uma identidade cultural não deve ser desvalorizada ou ridicularizada.","Demonstrar domínio da norma culta da língua escrita.; Compreender a proposta da redação e aplicar conceito das várias áreas de conhecimento para desenvolver o tema, dentro dos limites estruturais do texto dissertativo-argumentativo.; Selecionar, relacionar, organizar e interpretar informações, fatos, opiniões e argumentos em defesa de um ponto de vista.; Demonstrar conhecimento dos mecanismos linguísticos necessários para a construção da argumentação.; Elaborar a proposta de solução para o problema abordado, mostrando respeito aos valores humanos e considerando a diversidade sociocultural.",120; 120; 120; 120; 120,"1) Linguagem clara, com poucos erros, mas excessivamente simples, quase infantil.; 2) Há um entendimento parcial do tema: o autor fez da ""representação indígena"" seu tema, deixando em segundo plano a apropriação cultural.; 3) O texto só se torna argumentativo a partir do terceiro parágrafo e os argumentos apresentados são opinativos, sem apresentar fundamentos objetivos para a opinião do autor.; 4) A coesão se dá mais pelo conteúdo do que pelo uso de nexos linguísticos.; 5) Coesão coerente, mas não chega a apresentar uma sugestão de intervenção.",600
000006,0002,Carnaval e apropriação cultural,A afronta carnavalesca,"Durante a colonização do Brasil, o índio foi sujeito a à imposição portuguesa de forma grotesca que apesar da sua bravura e resistência acabaram sendo contidos e escravizados. Nos dias atuais, depois do romance indianista, tal figura ganhou popularidade e debates nas redes sociais sociais, juntamente com outros símbolos culturais, a fim de que possam esclarecer se é correto o uso de fantasias que não façam parte do seu âmbito cultural. A #índionãoéfantasia ganhou notoriedade quando a indígena Katú Mirim postou um vídeo nas redes sociais afirmando que tal fantasia é desrespeitosa e racista contra o seu povo povo, além de enaltecer o estereótipo do índio folclórico. É nesse período de que que as lojas começam a vender loucamente esse tipo de fantasia e que o brasileiro logo faz uma referência com a colonização e compra na tentativa de homenagear, mas quando perguntam aos ao mesmo, que povos estão sendo homenageado? não saberão responder e logo a fantasia deixa de ser um ""singela homenagem"" para se tornar mais uma peça de roupa que está apenas seguindo o rumo da moda. Essas discursões discussões variam de época para época, não podemos confundir artifícios usados com o objetivo de trocas culturais a exemplo de intercâmbios, com essas tentativas banais semelhantes a de Alessandra Negrini de usar a cultura indígena para a autopromoção. Ainda no mesmo contexto há o ""blackface"", a prática de pessoas fenotipicamente brancas pintarem suas caras com tintas pretas, além da utilização de artifícios afro-americanos afroamericanos como turbantes, perucas blackpower, entre outros, na mesma ideia de homenagear, mas acaba sendo traduzido como apropriação cultural. Diante dos fatos expostos, o homem branco já conquistou muito espaço e interferir dentro da cultura que não lhe pertence é algo inadmissível. Cabe a nós nós, a longo prazo prazo, educarmos as nossas crianças a dar valor a sua cultura e respeitar o espaço onde não lhe representa, a fim de que haja uma harmonia cultural além de repelir o uso exclusivo para a auto exaltação autoexaltação, sem relação com a realidade com a intenção de evitar possíveis afrontas.","Demonstrar domínio da norma culta da língua escrita.; Compreender a proposta da redação e aplicar conceito das várias áreas de conhecimento para desenvolver o tema, dentro dos limites estruturais do texto dissertativo-argumentativo.; Selecionar, relacionar, organizar e interpretar informações, fatos, opiniões e argumentos em defesa de um ponto de vista.; Demonstrar conhecimento dos mecanismos linguísticos necessários para a construção da argumentação.; Elaborar a proposta de solução para o problema abordado, mostrando respeito aos valores humanos e considerando a diversidade sociocultural.",20; 120; 80; 80; 80,Comentários não encontrados,380
000007,0002,Carnaval e apropriação cultural,Carnaval: uma festa de cultura,"O carnaval é um período de festas. Com festas, com folia, fantasias, desfiles e danças. Entretanto, atualmente tem se tornado tema de debates. O principal questionamento levantado se refere ao uso indevido de símbolos culturais em blocos e escolas de samba. A problemática se desenvolve a partir do preconceito velado e da ignorância presente na sociedade. Uma vez que o problema não está no uso dos símbolos, mas na normalização de atitudes preconceituosas, gerando uma violência disfarçada. Por exemplo exemplo, quando as pessoas vestem adereços e roupas de origem indígena e fazem gestos ridicularizando rituais ou costumes, estão estimulando a imagem de uma cultura selvagem, fora da realidade da ""civilização"", remetendo ao período histórico da colonização. Essa atitude é racista e está ferindo diretamente a identidade de um povo. Podemos ver o mesmo enredo com atos machistas, homofobicos machistas e homofóbicos, dentre outros. O único caminho A única solução para isso é disseminar informação para as pessoas. Cabe mencionar que grande parte da população enxerga a reflexão dos símbolos representados a apropriação cultural como um ato conceito ""politicamente correto"", alegando que o carnaval Carnaval é uma celebração descontraída e não voltada para discussões sociais. Acabamos esquecendo o princípio do respeito ao próximo, do lugar de fala, as das lutas através da e resistência afim a fim de firmar suas identidades sua identidade e a da desconstrução de estereótipos. Precisamos refletir criticamente sobre essas questões, não apenas no carnaval, mas também, ao longo do ano, pois dessa forma teremos o progresso que almejamos, aprendendo que todas as culturas passam por transformações e precisamos valorizar cada uma em sua singularidade. Contudo, urge que o Ministério da Educação, acrescente Educação acrescente na grade curricular das escolas conteúdos mais aprofundados sobre afrodescendência, indígenas, feminismo, histórias das lutas de resistência contra todo tipo de preconceito. Que os alunos possam ter contato não somente teórico, mas prático com a diversidade existente no nosso país, dessa forma também estendendo estendendo isso, também, para a sociedade, através de palestras, investimentos em museus, parques e a da valorização de patrimônios históricos. Para enfim históricos, para, enfim, termos uma sociedade mais tolerante e mais aberta a conhecer a cultura de diferentes grupos.","Demonstrar domínio da norma culta da língua escrita.; Compreender a proposta da redação e aplicar conceito das várias áreas de conhecimento para desenvolver o tema, dentro dos limites estruturais do texto dissertativo-argumentativo.; Selecionar, relacionar, organizar e interpretar informações, fatos, opiniões e argumentos em defesa de um ponto de vista.; Demonstrar conhecimento dos mecanismos linguísticos necessários para a construção da argumentação.; Elaborar a proposta de solução para o problema abordado, mostrando respeito aos valores humanos e considerando a diversidade sociocultural.",120; 160; 160; 120; 160,"1) Há muitos erros gramaticais e problemas de linguagem: o mais grave é ter jogado para o segundo parágrafo a frase que o inicia (assinalada em vermelho) que pertence, em termos de sintaxe, ao parágrafo anterior.; 2) O autor compreendeu o tema e desenvolveu um texto dissertativo-argumentativo.; 3) A argumentação é muito boa, apesar de um exagero ""politicamente correto"", quando, por exemplo, o autor afirma que o uso de fantasia de índio é uma forma de exaltação do passado colonial, em que o índio era visto (preconceituosamente) como selvagem a ser tratado com violência. Mesmo assim, no parágrafo seguinte, o autor justifica sua perspectiva, fazendo uma ressalva sobre o conceito de correção política, mostrando consciência de possíveis questionamentos à sua argumentação.; 4) O erro apontado no item 1 é também um erro de coesão, por se tratar do uso incorreto da conjunção subordinativa ""uma vez que"".; 5) Conclusão coerente com a argumentação, mas a sugestão de intervenção é padronizada (tomar medidas educacionais). Isso, até certo ponto, pode ser relevado, pois a própria competência 5 induz quem redige a apresentar sugestões para problemas muito complexos.",720
000008,0002,Carnaval e apropriação cultural,Carnaval ou cultura,"O carnaval Carnaval chegou ao Brasil no período colonial assim sendo colonial. Assim sendo, os escravos pintava pintavam os rostos e saiam saíam nas às ruas. Tradicionalmente aos católicos Tradicionalmente, para os católicos, é o marco do início da Quaresma Quaresma, 40 dias segue que seguem até a sexta-feira santa Sexta-feira Santa, dois Dias dias antes da Páscoa. Em primeira análise, o governador Federal o Governo federal libera um valor a para cada estado ao em incentivo à cultura, empresas cultura. Empresas privadas destinam partes parte dos impostos e aplica aplicam em eventos da festa. Em segunda análise análise, a brincadeira que encanta diversos turistas de toda a nação atrai, também a também, grandes riscos de vícios e desidratação aos cidadãos no desfile promovendo postos de ambulâncias e policiamento devida a negligencia devido à negligência humana ocasiona mortes acidentais. Por fim, em 2020, a escola de samba de São Clemente no figurino teve o enredo o Presidente da República, embora o carnavalesco pode-se ser usado para manifestar insatisfações sociais. Então, o MINSTÉRIO DA EDUCAÇÃO Ministério da Educação deve repensar, e assim repensar o evento e, assim, veria que vale mais gastar o dinheiro da festa carnavalesca com criação de mais escolas com qualidade, mais hospitais públicos, investir em saneamento básico e por fim veria que o carnal Carnaval de fato não é o símbolo da nacionalidade brasileira do século XXI.","Demonstrar domínio da norma culta da língua escrita.; Compreender a proposta da redação e aplicar conceito das várias áreas de conhecimento para desenvolver o tema, dentro dos limites estruturais do texto dissertativo-argumentativo.; Selecionar, relacionar, organizar e interpretar informações, fatos, opiniões e argumentos em defesa de um ponto de vista.; Demonstrar conhecimento dos mecanismos linguísticos necessários para a construção da argumentação.; Elaborar a proposta de solução para o problema abordado, mostrando respeito aos valores humanos e considerando a diversidade sociocultural.",0; 0; 0; 0; 0,Comentários não encontrados,0
000009,0002,Carnaval e apropriação cultural,Monopólio cultural?,"Em meados do século XV a.c., originou-se o alfabeto fenício, primeiro a ser usado em larga escala, originando todos os outros os alfabetos da atualidade. Destacando esse contexto Considerando esse fato, torna-se pertinente destacar abordar a temática de da apropriação cultural, levando em conta fatores como a liberdade individual e as trocas culturais. Primeiramente, entende-se liberdade como o direito de agir segundo o seu livre arbítrio, de acordo com a própria vontade, desde que não prejudique outra pessoa. Tendo em vista isso, descreve-se como expressão da própria liberdade o direito de usar elementos cultural culturais de um povo, desde que não seja com o intuito de ridicularizar ridicularizá-lo e menosprezá-lo. Além disso, evidencia-se a constante miscigenação cultural ocorrida desde os primórdios da colonização brasileira. Nos apropriamos de conhecimentos, hábitos, músicas e de diversos elementos culturais, assim como no caso do alfabeto fenício, por se tratarem tratar de elementos que não se caracterizam como monopólio, ou seja, posse exclusiva ou propriedade de um só. Torna-se necessário, portanto, que o conceito de apropriação cultural seja tratado como processo natural de troca cultural entre a população. Assim, cabe ao governo nacional estabelecer uma nova definição judicial pra para esse termo, e implantar em leis a liberdade de apropriação.","Demonstrar domínio da norma culta da língua escrita.; Compreender a proposta da redação e aplicar conceito das várias áreas de conhecimento para desenvolver o tema, dentro dos limites estruturais do texto dissertativo-argumentativo.; Selecionar, relacionar, organizar e interpretar informações, fatos, opiniões e argumentos em defesa de um ponto de vista.; Demonstrar conhecimento dos mecanismos linguísticos necessários para a construção da argumentação.; Elaborar a proposta de solução para o problema abordado, mostrando respeito aos valores humanos e considerando a diversidade sociocultural.",160; 160; 120; 120; 120,"1) Texto bem escrito: o autor consegue comunicar suas ideias, apesar de algumas utilizações inadequadas de vocabulário e de deixar certos elementos da argumentação implícitos.; 2) Houve compreensão do tema e uma reflexão argumentativa sobre ele.; 3) O autor começou citando o alfabeto fenício, mas não conseguiu deixar claro o que pretendia dizer com isso: ficou implícito que esse alfabeto deu origem a outros, o que deve ter acontecido por conta de apropriações culturais. Ou seja, com isso, o autor quer mostrar que, desde a Antiguidade, ocorrem trocas e não apropriação nas mais diversas culturas.; 4) Não existem no texto os recursos coesivos necessários para fazer a conexão explícita dos elementos apontados no item anterior.; 5) É um equívoco pensar que o conceito de apropriação cultural é jurídico e que o problema pode ser resolvido com a criação de leis. É esse problema de conteúdo que puxa para baixo a nota desta competência.",680
000010,0002,Carnaval e apropriação cultural,Apropriação cultural: tão necessária quanto natural,"Todos os anos, foliões vão as às ruas fantasiados ou utilizando simbolos símbolos das mais diversas culturas culturas, como a indígena indígena, por exemplo. Uma simples tradição, que que, no entanto entanto, vira polêmica por para aqueles que não aprovam essa prática, alegando ser desrespeitosa e perpetuacão de perpetuar estereótipos, alcunhando a prática alcunhando-a de apropriação cultural. Todavia esses se esquecem que o uso desses símbolos é um fenômeno não apenas natural e espontâneo espontâneo, como também benéfico para uma sociedade. Primeiramente, é importante pontuar que a cultura de um povo não é algo fechado e restrito, pelo contrário, é um processo dinâmico sujeito a mudanças no decorrer do tempo. O intercambio intercâmbio cultural entre povos é um fenômeno que permeou toda a história da civilização. A cultura ocidental é resultados o resultado das trocas culturais que se originaram do no período helenístico. Outro exemplo se dá na formação da rica e diversificada cultura brasileira brasileira, construída sobre o tripé do povo dos povos indígenas, africana e europeia africanos e europeus. Além disso, o uso desses símbolos representa uma forma de preservação da memória histórica de um povo. Durante o carnaval, os blocos de rua e desfiles de escolas de samba cumprem esse papel papel, homenageando as diversas culturas por meio dos figurinos e enredos com mensagens de união e tolerância tolerância, promovendo assim um belo espetáculo. Outro exemplo é a capoeira, uma prática originada dos escravizados escravos que se difundiu no país e hoje representa a luta daquele povo contra o regime escravagista. Dessa forma forma, a assimilação de culturas presente nessas manifestações promove inclusão e memória histórica. Desse modo, fica evidente que a crítica negativa ao uso de fantasias não faz sentido diante a da natureza espontânea desse processo. Ademais, não considera a importância da apropriação cultural à medida que contribui para o amadurecimento de uma sociedade. Sendo assim, o folião pode celebrar ainda mais mais, sabendo que a fantasia de índio não é instrumento de depreciação depreciação, mas sim de representatividade.","Demonstrar domínio da norma culta da língua escrita.; Compreender a proposta da redação e aplicar conceito das várias áreas de conhecimento para desenvolver o tema, dentro dos limites estruturais do texto dissertativo-argumentativo.; Selecionar, relacionar, organizar e interpretar informações, fatos, opiniões e argumentos em defesa de um ponto de vista.; Demonstrar conhecimento dos mecanismos linguísticos necessários para a construção da argumentação.; Elaborar a proposta de solução para o problema abordado, mostrando respeito aos valores humanos e considerando a diversidade sociocultural.",160; 200; 160; 200; 160,"1) Texto muito bem escrito, com um pequeno número de erros, sem muita importância, à exceção dos assinalados em vermelho.; 2) Houve completa compreensão do tema e o desenvolvimento do texto, de caráter argumentativo, é correta.; 3) O autor apresenta basicamente dois argumentos em defesa de seu ponto de vista: o de que as trocas culturais existem desde tempos antigos, o que é um argumento histórico sólido, e o de que as apropriações (trocas) culturais no carnaval é preservação, homenagem e alimenta a tolerância, o que já é um argumento menos sólido, pois o autor não apresenta fatos fundamentando esse argumento.; 4) Texto bastante coeso, apesar da prolixidade. Quanto aos recursos coesivos, há que notar a repetição (""dessa forma"", ""desse modo"") nos últimos parágrafos. Melhor seria substituir um deles por ""assim"".; 5) Conclusão coerente, mas na argumentação o autor não se estendeu sobre a espontaneidade do processo, nem sobre ""amadurecimento"" social. Falou na contribuição das trocas culturais para a formação das sociedades. Igualmente, transmitir tranquilidade aos foliões não é propriamente um dos objetivos do texto, que, no entanto, conclui-se com isso.",880
000011,0002,Carnaval e apropriação cultural,Apropriação cultural significa uma pessoa...,"Apropriação cultural significa uma pessoa poder usar elementos de outras cultura culturas como roupas, símbolos e vários outros elementos. Que elementos que tenham algum significado para determinada cultura. Ao usar em um festival como carnaval o Carnaval a ""fantasia"" de índio estará cometendo apropriação cultural, sim estará pois não á há nem um indígena no local que permitiu fazer o uso da sua cultura. Apropriação cultural só acontece quando você faz o uso da cultura sem a permissão do grupo e quando a zombam. Mas se você fizer o uso dos elementos da cultura no meio daquele povo com o consenso deles, até eles se agradaram ficarão agradados, pois mostrará como uma forma de respeito e interesse pela cultura. Apropriação cultural foi um tema muito debatido após o carnaval de 2020 onde quando houve até famosos que fizeram esta atitude.","Demonstrar domínio da norma culta da língua escrita.; Compreender a proposta da redação e aplicar conceito das várias áreas de conhecimento para desenvolver o tema, dentro dos limites estruturais do texto dissertativo-argumentativo.; Selecionar, relacionar, organizar e interpretar informações, fatos, opiniões e argumentos em defesa de um ponto de vista.; Demonstrar conhecimento dos mecanismos linguísticos necessários para a construção da argumentação.; Elaborar a proposta de solução para o problema abordado, mostrando respeito aos valores humanos e considerando a diversidade sociocultural.",0; 0; 0; 0; 0,Comentários não encontrados,0
000012,0002,Carnaval e apropriação cultural,Dar voz para quem não a possui,"A apropriação cultural acontece quando um indivíduo utiliza elementos de um povo sem ser parte dele como mero acessório utiliza como meros acessórios elementos da cultura de um povo do qual não faz parte. No Carnaval especificamente Carnaval, especificamente, esse ato de apoderar-se apropriação pode ser considerado mais grave, uma vez que o sujeito usa os adereços de um grupo como mera fantasia, anulando o costume exclusivo de uma estirpe. No entanto, deve haver diferenciação quando os adornos são usados como forma de manifestação e para fortalecer uma comunidade, tratando-se de algo nobre e não de apoderamento apropriação. Portanto o carnaval é Portanto, o Carnaval é, além de uma época de festividades festividades, também uma forma de estimular a interpretação e debater o debate sobre quando uma etnia está sendo meramente usurpada para entretenimento entretenimento, bem como os trajes intercorrem aos protestos para que a visibilidade deles aumentem aumentem, mas acabam sem receber a devida importância pela falta de compreensão da sociedade. Resta então ao receptor Resta, então, ao receptor entender a mensagem carnavalesca do emissor, cabendo a todos aproveitar essa temporada do ano com respeito e sensatez.","Demonstrar domínio da norma culta da língua escrita.; Compreender a proposta da redação e aplicar conceito das várias áreas de conhecimento para desenvolver o tema, dentro dos limites estruturais do texto dissertativo-argumentativo.; Selecionar, relacionar, organizar e interpretar informações, fatos, opiniões e argumentos em defesa de um ponto de vista.; Demonstrar conhecimento dos mecanismos linguísticos necessários para a construção da argumentação.; Elaborar a proposta de solução para o problema abordado, mostrando respeito aos valores humanos e considerando a diversidade sociocultural.",80; 80; 120; 80; 80,"1) Em termos de linguagem, destaque-se o quarto parágrafo, que é extremamente confuso (devido à sintaxe truncada) prejudicando o texto como um todo.; 2) Em termos de estrutura, o texto deixa a desejar, em parte por causa do quarto parágrafo. De qualquer forma, há uma tentativa superficial de definir a apropriação cultural e apontar quando ela é positiva ou negativa nos três parágrafos iniciais, que são o que se salvam da redação. Mesmo assim, não existe uma sequência dissertativa, nem uma linha de raciocínio.; 3) Há um esboço de argumentação na reflexão sobre os aspectos positivos ou negativos do uso de elementos de outras culturas e é isso que garante uma pontuação maior nesta competência.; 4) O texto não é coeso, em especial pela ruptura abrupta que se dá entre os três primeiros parágrafos e os dois últimos.; 5) A conclusão lembra aquele expressão de que o autor não é a favor nem contra, muito pelo contrário. A solução que ele aponta é jogar o problema no colo do espectador das manifestações carnavalescas, cabendo-lhe decidir se houve ou não apropriação cultural. Isso não é uma solução para o problema.",440
000013,0002,Carnaval e apropriação cultural,Carnaval: sinônimo de composição cultural,"A cultura brasileira é resultado da mistura de raças, etnias, crenças, valores, crenças e valores, entre outros elementos. Logo, o carnaval é fruto dessa miscigenação. Por isso, afirmar que essa festa - sinônimo de alegria e união - não deve receber contribuições externas, é externas é um equívoco. Ademais, na contemporaneidade, vive-se uma realidade globalizada, o que resulta na unificação política, econômica e, também, cultural. As interferências culturais não são mais vistas como uma ameaça, mas sim como um meio de unificar a humanidade. Nas últimas décadas, os sambódromos têm sido palco de inúmeras questões políticas, geográficas, ideológicas ou étnicas. Essa festa não tem apenas retratado a realidade brasileira brasileira, como também a realidade universal. Destarte, por que não inserir a cultura nativa nos diversos espaços ou contextos? Intelectuais da literatura, como Oswald de Andrade, defendiam a aglutinação cultural estrangeira para, assim, criar uma nova cultura. Portanto, a troca de culturas é algo idealizado há tempo. Por conseguinte, é imprescindível que cada indivíduo perceba o povo como um só - único, universal - mesmo repleto de diferenças. Dessa forma, a inserção de culturas distintas, onde quer que seja, será vista como parte de um todo e não como símbolo de discriminação ou preconceito.","Demonstrar domínio da norma culta da língua escrita.; Compreender a proposta da redação e aplicar conceito das várias áreas de conhecimento para desenvolver o tema, dentro dos limites estruturais do texto dissertativo-argumentativo.; Selecionar, relacionar, organizar e interpretar informações, fatos, opiniões e argumentos em defesa de um ponto de vista.; Demonstrar conhecimento dos mecanismos linguísticos necessários para a construção da argumentação.; Elaborar a proposta de solução para o problema abordado, mostrando respeito aos valores humanos e considerando a diversidade sociocultural.",120; 120; 120; 120; 120,Comentários não encontrados,600
000014,0002,Carnaval e apropriação cultural,Multiculturalismo carnavalesco,"O carnaval no Brasil é uma tradição que simboliza a alegria do povo brasileiro. Todos os anos, os festeiros foliões surpreendem com as fantasias criativas, exuberantes e muitas vezes ousadas. Infelizmente, surpreendem, nem sempre porém, nem sempre surpreendem de forma positiva, pois pois, dependendo da escolha dos adereços, pode podem causar polêmica, principalmente por vivermos em um momento histórico em que tanto se discute a respeito do multiculturalismo. O Brasil é um país que possui uma diversidade cultural muito grande e é reconhecido por ser ter um povo acolhedor. No entanto, a fama não impede que existam situações que causam polêmicas relacionadas à discriminação. Muitas vezes, pessoas se encontram em polêmicas por descuido, outras por desrespeito. A fantasia carnavalesca, com referência indígena, da atriz Alessandra Negrini da atriz Alessandra Negrini, com referências indígenas, é um exemplo de polêmica relacionada ao multiculturalismo. Enquanto alguns interpretaram a fantasia como uma forma de desrespeito cultural, outros entenderam que se tratava de uma fantasia como outra qualquer e que o importante é o momento festivo, e que o objetivo da fantasia foi sair da ""fantasia habitual"" e apenas entrar no clima carnavalesco. Diante da situação, o importante é manter o diálogo e ouvir sempre os dois lados, pois a ofensa ofensa, nesse caso caso, entra no campo da interpretação, pois pois, no caso em questão questão, não se observa uma ofensa direta. O cuidado deve ser no sentido de não enquadrar tudo o que é diferente como ofensivo, pois nesse caso tudo seria desrespeito a culturas diferentes.","Demonstrar domínio da norma culta da língua escrita.; Compreender a proposta da redação e aplicar conceito das várias áreas de conhecimento para desenvolver o tema, dentro dos limites estruturais do texto dissertativo-argumentativo.; Selecionar, relacionar, organizar e interpretar informações, fatos, opiniões e argumentos em defesa de um ponto de vista.; Demonstrar conhecimento dos mecanismos linguísticos necessários para a construção da argumentação.; Elaborar a proposta de solução para o problema abordado, mostrando respeito aos valores humanos e considerando a diversidade sociocultural.",120; 120; 80; 120; 80,"1) O texto traz muitos problemas de gramática e linguagem. Repete palavras que são conceitos fundamentais de sua tese, sem se preocupar em deixar claro o que elas significam e como se relacionam entre si. Por exemplo, ao falar de ""multiculturalismo"", o autor não se dá conta de que não explicou para o leitor o que ele é, quais suas implicações com fantasias carnavalescas e com discriminação. Provavelmente, considera que tudo isso está subentendido, mas não está. É preciso explicitar, esclarecer o sentido exato dos conceitos usados.; 2) O autor entendeu o tema, mas o desenvolvimento deixa a desejar. É bastante superficial e as ideias do autor não são apresentadas ao leitor com clareza suficiente.; 3) Os argumentos do autor, que procura ser bem isento em relação à apropriação cultural, são vagos. O melhor exemplo é o de dizer que a fantasia da atriz visava apenas a ""sair da fantasia habitual"". O que é ""fantasia habitual"" e o que as aspas que o autor pôs na expressão querem dar a entender? Aparentemente, o que o autor quer dizer é que esse tipo de fantasia pode não ser necessariamente um desrespeito, mas, ao contrário, uma homenagem, uma celebração da cultura retratada. O que isso tem que ver com ""fantasia habitual""? O leitor não tem como descobrir.; 4) O texto é relativamente coeso, mesmo diante do uso parcimonioso de recursos coesivos.; 5) A conclusão é superficial demais e apela para outra dicotomia: a ofensa (simples) e a ""ofensa direta"", que estariam relacionadas não à fantasia, mas à interpetação que se tem dela. Nas últimas linhas, o autor trata de outro problema, não diretamente relacionado ao Carnaval e ao tema: o ficar ofendido com ""tudo que é diferente"". O que há de diferente, por exemplo, numa fantasia de índio, que é uma das mais tradicionais do Carnaval brasileiro?",520
000015,0002,Carnaval e apropriação cultural,Apropriação ou intercâmbio?,"O uso de fantasias e alegorias no Carnaval No carnaval, o uso de fantasias e alegorias que remetem às culturas inferiorizadas é criticado por diversas pessoas como sendo um caso de apropriação cultural. Entretanto, é preciso saber diferenciar apropriação de intercâmbio cultural, uma vez que a primeira agrava o preconceito e o desprestígio, enquanto o outro procura não só homenagear, mas também trazer notoriedade para a cultura e às causas enfrentadas pela mesma por elas enfrentadas. Dito isto, é importante notar que a apropriação cultural está vinculada a uma prática de desmérito demérito, pois uma etnia que é retratada sem contextualização e resumida em um vestuário bonito e exótico tem sua imagem estereotipada, como também seu valor esquecido. No Carnaval, as pessoas apreciam plumagens exuberantes, por exemplo, sem conhecerem os maus tratos aos pássaros e todo o comércio por trás de fantasias que servem somente de entretenimento. Contudo, o intercâmbio cultural é completamente diferente, pois trata-se de uma homenagem a qual que considera a história e as batalhas de uma cultura como aspectos fundamentais para retratá-la com veracidade. Por exemplo, ""O Guarani"" e mais outros livros do romancista José de Alencar utilizaram o encontro do branco com o índio como uma narrativa que evidenciou um Brasil ignorado por muitos. Traçando um paralelo, as escolas de samba têm a oportunidade de usar de sua visibilidade para alavancar políticas sociais e ambientais em prol das minorias. Assim, concluímos que a problemática de se retratar culturas inferiorizadas no Carnaval está na maneira como a mensagem é transmitida. A fim de evitar a apropriação cultural, as escolas de samba que optarem pelo tema precisam expor as dificuldades que diversas etnias enfrentam na sociedade, dando a oportunidade aos indivíduos pertencentes às tais culturas de participarem dos desfiles e de se expressarem para milhões de pessoas, despertando assim o interesse no espectador em participar ativamente das batalhas dessas etnias.","Demonstrar domínio da norma culta da língua escrita.; Compreender a proposta da redação e aplicar conceito das várias áreas de conhecimento para desenvolver o tema, dentro dos limites estruturais do texto dissertativo-argumentativo.; Selecionar, relacionar, organizar e interpretar informações, fatos, opiniões e argumentos em defesa de um ponto de vista.; Demonstrar conhecimento dos mecanismos linguísticos necessários para a construção da argumentação.; Elaborar a proposta de solução para o problema abordado, mostrando respeito aos valores humanos e considerando a diversidade sociocultural.",120; 200; 160; 200; 160,"1) As expressões marcadas em vermelhas causam uma grande confusão conceitual no texto. O problema é linguístico, pois o autor não soube se expressar. Usou como se fossem sinônimos ""culturas inferiorizadas"", ""minorias"" e ""etnias"", mas esses termos não são sinônimos. Além disso, a expressão ""culturas inferiorizadas"" é uma expressão não muito adequada. Melhor seria, por exemplo, falar em ""culturas e etnias minoritárias"", englobando os três aspectos de um mesmo caso em que pode haver apropriação cultural ou homenagem. Outra coisa: ""optarem pelo tema"" (no parágrafo conclusivo). A que tema o autor se refere? É necessário explicitá-lo.; 2) O autor entendeu o tema e fez sobre ele uma reflexão adequada e pertinente.; 3) A argumentação é convincente, mas o exemplo de José de Alencar, embora pertinente, traz uma incorreção. Alencar não mostrou ""um Brasil ignorado por muitos"". Ele valorizou a cultura e os costumes indígenas.; 4) Texto coeso, devido ao uso correto dos recursos coesivos.; 5) A conclusão incorre no problema apontado sobre a linguagem.",840
000016,0002,Carnaval e apropriação cultural,A apropriação cultural contínua,"A apropriação cultural contínua das escolas de samba sobre a diversidade de culturas em suas alegorias e fantasias, expressam fantasias expressam algo sem ao menos ter conhecimento sobre as suas origens e tradições. Em seu vídeo publicado no youtube Youtube, a ativista Katú Mirim, relata Mirim relata como a sociedade expõe certa cultura e seus modos de agir ao público sem haver estudado sobre a o seu fato histórico e a cada símbolo retratado, torna-se ato de racismo. Desde o período colonial colonial, é lícito dizer que há uma grande miscigenação de raças, idiomas e diversas culturas no Brasil. E isso faz que a etnia na qual é alvo pertinência seja aberta de modo que tenha conhecimento sobre seus desafios e dificuldades diárias e a cada objeto simbólico estudado. Não tendo teorias sobre o tema abordado pode gerar conflitos entre as raças e a sociedade, gerando violência, derespeito desrespeito e racismo. Ademais a persistência em demonstrar multiculturas encaradas como homenagem se torna uma ofensa. Tais povos por exemplo como povos, como, por exemplo, negros e indígenas, quando possuem acessórios, roupas e outros objetos do povo branco, tem têm olhares de discriminação sobre a sociedade encaradas de forma etnocêntrica. Por tudo isso, o ministério de educação e cultura devem Ministério da Educação deve apresentar a comunidade em forma de palestras e práticas em todos os institutos abertos ao corpo social a diversidade de grupos que há em nosso país, e que saibam usufruir este conhecimento e expor tal etnia em grandes eventos com fatos relatados.","Demonstrar domínio da norma culta da língua escrita.; Compreender a proposta da redação e aplicar conceito das várias áreas de conhecimento para desenvolver o tema, dentro dos limites estruturais do texto dissertativo-argumentativo.; Selecionar, relacionar, organizar e interpretar informações, fatos, opiniões e argumentos em defesa de um ponto de vista.; Demonstrar conhecimento dos mecanismos linguísticos necessários para a construção da argumentação.; Elaborar a proposta de solução para o problema abordado, mostrando respeito aos valores humanos e considerando a diversidade sociocultural.",20; 80; 20; 20; 20,Comentários não encontrados,160
000017,0002,Carnaval e apropriação cultural,Muito além da fantasia,"Carnaval é alegria, diversão, contravenção. É o momento de se despir do maçante compromisso cotidiano das relações profissionais e se permitir sorrir e brincar. Por isso, usar fantasias, roupas coloridas, chapéus estilizados e outros adereços, que nos permitam compartilhar essa felicidade com outros cidadãos, não pode ser encarado como ofensivo ou uma apropriação indevida de uma cultura por outra. É importante salientar, inicialmente, que as pessoas vão para as ruas para se divertir, esquecer por instantes os problemas e lutas cotidianas. Querem comida, diversão e arte para dar um sentido mais amplo a sua existência. O que prevalece nesse momento é a brincadeira, o lúdico, o entretenimento, passando ao longe a ideia de hostilizar e humilhar qualquer segmento ideológico e cultural, mesmo a cultura indígena, tão sofrida e desrespeitada, principalmente pela classe política. Convém ressaltar que o desrespeito não advém do fato de as pessoas usarem cocares ou adereços que façam referência à cultura indígena. Ele se consolida na não aceitação da forma em que eles vivem, no preconceito contra os nativos, na hostilidade que sofrem ou sofreram, como no caso do indígena incendiado em um ponto de ônibus em Brasília, na invasão e expulsão de suas terras, no pensamento estilizado de que eles são vagabundos. Esses fatores, somados, revelam um profundo desprezo e demonstram o quanto precisamos fazer e transformar para garantir a eles uma existência digna. Com isso, focar a atenção em fantasias de carnaval é perder tempo com polêmicas supérfluas diante do gigantesco desafio de eliminar as graves agressões sofridas historicamente. Eles precisam de respeito, reconhecimento, segurança e que seus direitos, como cidadãos brasileiros, sejam respeitados. Necessitam que o governo garanta a inviolabilidade do seu território para não se tornarem vítimas de exploradores gananciosos. Por fim, cabe aos governantes e a à sociedade civil organizada mudar o rumo dessa verdadeira tragédia para que eles não percam sua identidade.","Demonstrar domínio da norma culta da língua escrita.; Compreender a proposta da redação e aplicar conceito das várias áreas de conhecimento para desenvolver o tema, dentro dos limites estruturais do texto dissertativo-argumentativo.; Selecionar, relacionar, organizar e interpretar informações, fatos, opiniões e argumentos em defesa de um ponto de vista.; Demonstrar conhecimento dos mecanismos linguísticos necessários para a construção da argumentação.; Elaborar a proposta de solução para o problema abordado, mostrando respeito aos valores humanos e considerando a diversidade sociocultural.",160; 200; 200; 200; 200,Comentários não encontrados,960
000018,0002,Carnaval e apropriação cultural,As fantasias no carnaval,"O carnaval Carnaval é uma das maiores festas no Brasil, e Brasil e nele vemos fantasias tanto conservadoras quanto vulgares. Nos últimos tempos tempos, vemos muitas pessoas a favor ou contra fantasias de índios índio ou as pessoas usarem um simples turbante na cabeça, que pode se resumir em apropriação cultural. Há muitas pessoas que concordam com esse tipo de fantasia, pois pois, para eles, estão ajudando a índios índios ou a pessoas pessoas dentro de uma certa religião, serem religião a serem aceitas pelas outras. Essas mesmas pessoas que pensam que estão ajudando, mas se sentem ofendidos Essas mesmas pessoas, no entanto, sentem-se ofendidas quando índios usam uma roupa ou algum acessório tipicamente usados por pessoas brancas e da cidade, pois pois, para eles, índios deveriam passar suas vidas inteiras dentro das florestas, isso tudo por falta de informações. A maioria das pessoas que são contra o uso da fantasia, acreditam desse tipo de fantasia acredita que o carnaval Carnaval é para diversão, e não para fingir ser uma pessoa cujo você não sabe o que ela passa durante o resto do ano, porque isso é uma ótima maneira de se mostrar um grande hipócrita. Em virtude do que foi mencionado, é um grande erro apropriar-se da cultura dos que sofrem racismo, muitas vezes vinda vindo de você mesmo. Nunca sabemos o que a outra pessoa passa, e passa e, mesmo se soubéssemos, não é uma razão para você dar vida a um simples personagem de que você não irá se lembrar pelo resto do ano, até o próximo carnaval Carnaval.","Demonstrar domínio da norma culta da língua escrita.; Compreender a proposta da redação e aplicar conceito das várias áreas de conhecimento para desenvolver o tema, dentro dos limites estruturais do texto dissertativo-argumentativo.; Selecionar, relacionar, organizar e interpretar informações, fatos, opiniões e argumentos em defesa de um ponto de vista.; Demonstrar conhecimento dos mecanismos linguísticos necessários para a construção da argumentação.; Elaborar a proposta de solução para o problema abordado, mostrando respeito aos valores humanos e considerando a diversidade sociocultural.",80; 80; 80; 80; 80,Comentários não encontrados,400
000019,0002,Carnaval e apropriação cultural,Apropriação cultural é só no carnaval?,"No que se refere à apropriação cultural cultural, é possível afirmar que é um termo uma expressão que está sendo bastante discutida nos últimos anos, tendo em vista que que, em época de carnaval carnaval, a reflexão sobre o esse apoderamento aumenta pelas polêmicas, é um assunto a se pensar durante todo tempo. Para a a UNESCO (Organização das Nações Unidas para a Educação, a Ciência e Cultura), a cultura confere ao ser humano a capacidade de refletir sobre si mesmo, através da reflexão, o homem compreende valores e procura novos significados, entretanto a apropriação cultural refere-se a um determinado grupo social que é dominante que acaba adotando hábitos, vestimentas e comportamentos de outra cultura. No carnaval, as fantasias de índios e negros são comumente vistas nos blocos de rua e acabam sendo banalizadas e estereotipadas. Um grande problema de sequestrar elementos de culturas não dominantes é usá-los de maneira descontextualizadas, causando uma desvalorização do seu real significado, enquanto os membros da cultura sofrem opressão significado e oprimindo os membros da cultura em questão.  A apropriação cultural e o intercâmbio cultural tem têm significados distintos, um se apropria e o outro compartilha sua cultura e não há dominação de um grupo. Apesar de ser mais discutida no carnaval, a apropriação é vista também no cotidiano como quando uma pessoa branca que decide usar dreads e é vista como uma pessoa estilosa e o negro estilosa. Já o negro, usando o mesmo elemento elemento, é discriminado ou percebido de forma pejorativo pejorativa pela sociedade. Fica claro, portanto, que por mais que o assunto esteja sendo repercutido, ainda assim não tem a visibilidade para que todos possam enxergar a importância da problematização e para que seja entendida, a propagação de propagandas poderia atingir o público alvo público-alvo rapidamente, trazendo conscientização entre todas as faixas etárias.","Demonstrar domínio da norma culta da língua escrita.; Compreender a proposta da redação e aplicar conceito das várias áreas de conhecimento para desenvolver o tema, dentro dos limites estruturais do texto dissertativo-argumentativo.; Selecionar, relacionar, organizar e interpretar informações, fatos, opiniões e argumentos em defesa de um ponto de vista.; Demonstrar conhecimento dos mecanismos linguísticos necessários para a construção da argumentação.; Elaborar a proposta de solução para o problema abordado, mostrando respeito aos valores humanos e considerando a diversidade sociocultural.",80; 80; 80; 80; 80,Comentários não encontrados,400
000020,0002,Carnaval e apropriação cultural,Entender o outro,"É necessário cautela quando o assunto é sobre são culturas não relacionadas ao nosso campo de conhecimento e experiência de vida. A tolerância entre diferentes culturas também deve ser construída, o Estado e a sociedade precisam caminhar juntos com intuito de alcançar esta condescendência. Os O ser humano humano, na sua subjetividade subjetividade, possui valores, esses que muitas vezes são invioláveis, pois em casos de resistência podem gerar insegurança, desconforto e insatisfação. A cultura em determinadas comunidades é considerada um valor velado, mesmo velado. Mesmo que a contemporaneidade brasileira esteja em alinhamento seja favorável à apropriação cultural cultural, podemos ter divergência desse entendimento dentro de em culturas mais conservadoras. Usufruir de insígnias símbolos de outras culturas no Carnaval, por mais que exista uma intenção benigna nessa atitude, como propagar diferentes culturas e de valorizar a diversidade, pode acabar ofendendo os nativos da comunidade que está sendo referenciada. Não é comum vermos nas inúmeras fantasias do Carnaval brasileiro as pessoas fazendo referência ao Estados Islâmico extremista ou a seus grupos grupos, como por exemplo a Al-Qaeda. Organizações como essa se tornaram conhecidas por torturar e executar pessoas ou por atacar a outros países pelo fato de considerarem certas ações como uma agressão aos seus valores e princípios culturais. Obviamente, ao tratar desse assunto, saímos da esfera brasileira, mas as fantasias de Carnaval também se referenciam a culturas estrangeiras. O fato é que existe um conhecimento mais comum e facilitado da sociedade sobre as ações extremistas do Estado Islâmico devido ao alto grau de prejuízos gerados por elas, mas quando comparamos ao universo indígena as pessoas não retém retêm a mesma quantidade de entendimento da cultura que constrói esse universo. Sabemos que a prática de tortura e execução não são comuns nos territórios indígenas, mas isso não significa que o valor atribuído a uma cultura não possa ser ofendido pelo simples fato do uso inadequado de uma determinada vestimenta. A apropriação cultural, mesmo com os inúmeros benefícios que ela pode trazer, deve ser realizada de forma minuciosa. A cultura do outro deve ser estudada, pesquisada, analisada, entrevistada para que essa apropriação seja feita de forma que não ofenda todo um povo e uma história. O Estado deve promover meios informativos e a sociedade precisa adquirir esses conhecimentos conhecimentos, antes de colocar em uso os aspectos de uma outra cultura, gerando dessa forma diálogo e entendimento intraculturais interculturais e diminuindo a intolerância.","Demonstrar domínio da norma culta da língua escrita.; Compreender a proposta da redação e aplicar conceito das várias áreas de conhecimento para desenvolver o tema, dentro dos limites estruturais do texto dissertativo-argumentativo.; Selecionar, relacionar, organizar e interpretar informações, fatos, opiniões e argumentos em defesa de um ponto de vista.; Demonstrar conhecimento dos mecanismos linguísticos necessários para a construção da argumentação.; Elaborar a proposta de solução para o problema abordado, mostrando respeito aos valores humanos e considerando a diversidade sociocultural.",160; 200; 160; 160; 160,Comentários não encontrados,840
000021,0002,Carnaval e apropriação cultural,Apropriação Cultural e o Racismo Velado,"No que se refere, a A apropriação cultural é um problema que está relacionado ao racismo. Dentre outras fatores, destaca-se um grave problema, que é a pessoa não ter vivido os preconceitos raciais e ainda não conhecer a cultura de que está apropriando-se se apropriando no Carnaval. Certamente, a apropriação cultural no Carnaval é um preconceito racial velado, pois a pessoa afirma não está estar cometendo racismo. Usar cocar no Carnaval é ignorar o fato de muitos indígenas terem sido caçados e mortos no começo do Brasil e ainda serem mortos até hoje. Além disso, o problema de uma pessoa está estar usando pinturas corporais, cocares e roupas indígenas como uma fantasia carnavalesca, sem mesmo conhecer a história daquela cultura. Apropriação cultural é um ato de caçoar com o do passado daquele povo, pois você não conhece a origem daquela cultura e os costumes delas dela. Dessa forma, percebe-se a falta de conhecimento cultural que o próprio povo brasileiro tem de outras culturas nacionais e internacionais. São necessárias políticas públicas, do ministério da educação Ministério da Educação, para maiores acesso acessos a escolas com maiores conhecimento conhecimentos culturais do nosso próprio país e de outros. Assim Assim, teremos mais respeitos respeito com nossas várias culturas brasileiras e mundiais internacionais.","Demonstrar domínio da norma culta da língua escrita.; Compreender a proposta da redação e aplicar conceito das várias áreas de conhecimento para desenvolver o tema, dentro dos limites estruturais do texto dissertativo-argumentativo.; Selecionar, relacionar, organizar e interpretar informações, fatos, opiniões e argumentos em defesa de um ponto de vista.; Demonstrar conhecimento dos mecanismos linguísticos necessários para a construção da argumentação.; Elaborar a proposta de solução para o problema abordado, mostrando respeito aos valores humanos e considerando a diversidade sociocultural.",80; 120; 80; 80; 80,"1) Texto com muitos erros graves de gramática. O autor incorre em redundância frequentemente, usa expressões incompletas (""dentre outros fatores"") ou equivocadas (""no começo do Brasil"") e ainda uma frase com sintaxe truncada (assinalada em vermelho no início do terceiro parágrafo).; 2) Houve entendimento do tema e uma tomada de posição em relação a ele, mas o desenvolvimento do texto é redundante: os dois primeiros parágrafos declaram que a apropriação cultural é uma forma de racismo; os dois últimos que ele provém da falta de conhecimento.; 3) A atgumentação é insuficiente. O autor faz afirmações sem apresentar fatos que as comprovem.; 4) Desde o primeiro parágrafo, vemos problemas com os recursos coesivos. O texto começa com o uso incorreto de ""no que se refere a"" e termina com a repetição de expressões coesivas num mesmo parágrafo (""dessa forma"" e ""assim"", que têm o mesmo significado).; 5) A conclusão, além de redundante, é banal e genérica.",440
000022,0003,Supremo Tribunal Federal e opinião pública,União entre o órgão público e a opinião pública,"O supremo tribunal federal Supremo Tribunal Federal é definido como um órgão de alta instância do poder judiciário Poder Judiciário, capaz de defender as normas da Constituição federal. Vários problemas estão em acontecimentos, acontecendo e o STF ganha destaque sobre a população brasileira, devido ao impacto sobre a opinião pública, onde a sua atuação acaba agradando o brasileiro. Devido a vários impasses acontecidos no governo, o supremo tribunal federal Supremo Tribunal Federal rege com o seu papel em defender tanto as normas brasileiras, quanto a opinião pública, colocando em pauta sobre alguns acontecimentos como criminalização sobre o livro do beijo gay, mudanças na reforma da previdência e também o impacto ambiental, no que ocasionou também um dos assuntos discutidos pela opinião brasileira. Com a pesquisa do ponto de vista brasileiro sobre os impactos acontecidos e políticos, o STF acaba tendo um destaque sobre a população por exercer o seu papel de mostrar a avaliação que movimenta o órgão máximo do poder judiciário Poder Judiciário. Contudo, com a convicção entre o órgão público e a opinião pública, as pesquisas podem agradar ou não os brasileiros. Sendo assim, com essa união é possível abrandar aos problemas acontecidos, construindo com educação um Brasil mais abrangente e desenvolvido.","Demonstrar domínio da norma culta da língua escrita.; Compreender a proposta da redação e aplicar conceito das várias áreas de conhecimento para desenvolver o tema, dentro dos limites estruturais do texto dissertativo-argumentativo.; Selecionar, relacionar, organizar e interpretar informações, fatos, opiniões e argumentos em defesa de um ponto de vista.; Demonstrar conhecimento dos mecanismos linguísticos necessários para a construção da argumentação.; Elaborar a proposta de solução para o problema abordado, mostrando respeito aos valores humanos e considerando a diversidade sociocultural.",0; 0; 0; 0; 0,Comentários não encontrados,0
000023,0003,Supremo Tribunal Federal e opinião pública,A democracia estende-se ao STF,"Nos últimos anos, o Supremo Tribunal Federal ganhou destaques nos debates públicos, principalmente no afastamento da então presidente Dilma Rousseff, na aprovação e recuo da prisão em segunda instância e em algumas polêmicas decisões políticas. O STF, diferentemente do Executivo e do Legislativo, não tem como critério primário ponderar suas ações para agradar a opinião pública, mas garantir o respeito à Constituição. No entanto, a pressão do interesse social sobre a alta maior instância judiciária fortalece a democracia e a supervisão fiscalização dos ministros. Em primeiro lugar, o desejo e insatisfação da população, manifestados e levados em consideração, são sinais de uma democracia consolidada, que se adapta para se manter. A revogação da prisão após julgamento em segunda instância, por exemplo, possuiu um claro equilíbrio entre o desejo do povo e o permitido pela Carta, a ponto de o presidente da Corte deixar claro clara a possibilidade de alterar-se a lei posteriormente. Tal fato demonstra revela os mecanismos do Poder Estado à nação, tornando as pessoas mais sábias quanto às regras democráticas e, logo, repudiadora repudiadoras dos seus infratores. Ressalva-se, porém, que a escolha pela norma nem sempre é de gosto popular, à semelhança da de deixar o réu recorrer em liberdade. Somada a esse benefício democrático, a atenção da sociedade dada à Suprema Corte evidencia o caráter profissional dos de seus membros, enquanto prestadores de serviços à sociedade; e a necessidade de excelência nas funções - sobretudo de defender a Lei Maior -, sob pena de o congresso Congresso adquirir apoio para impedir os ministros. Ou seja, o olhar atento dos cidadãos pode constranger o STF a não repetir desvios, os quais corroboraram as críticas coletivas, como favorecer a candidatura da presidente Dilma, quando a Lei diz que não, e intervir em bancos de dados financeiros, aparentemente sem critério aceitável. Dessa forma, embora caótica, a discussão sobre os atos do Supremo reflete o aperfeiçoamento da democracia. Para validar a influência do povo no judiciário, agora, é necessário que os ministros passem a falar à nação em linguagem menos técnica, explicando o porquê de não aceitar a legitimidade do querer popular. Assim, a sociedade compreenderá o STF, além de participar das decisões políticas e judiciárias com maior sabedoria","Demonstrar domínio da norma culta da língua escrita.; Compreender a proposta da redação e aplicar conceito das várias áreas de conhecimento para desenvolver o tema, dentro dos limites estruturais do texto dissertativo-argumentativo.; Selecionar, relacionar, organizar e interpretar informações, fatos, opiniões e argumentos em defesa de um ponto de vista.; Demonstrar conhecimento dos mecanismos linguísticos necessários para a construção da argumentação.; Elaborar a proposta de solução para o problema abordado, mostrando respeito aos valores humanos e considerando a diversidade sociocultural.",200; 200; 200; 200; 200,Comentários não encontrados,1000
